id_jogo;data_jogo;adversario;local;Competicao;Fase;Rodada;apelido;cargo;cartoes_amarelos;cartoes_vermelhos;id_ogol_comissao;nome_completo;data_extracao;url_jogo
12271139;12/07/2026;Audax São Mateus;(C);Capixaba Série B;1;1;Yupi Silva;Treinador;1;0;39891;Jonair da Silva Ferreira;2026-07-13 13:44:43;https://www.ogol.com.br/jogo/2026-07-12-linhares-fc-audax-sao-mateus/12271139/performance
12271139;12/07/2026;Audax São Mateus;(C);Capixaba Série B;1;1;Ricardo;Preparador Físico;0;0;96845;Ricardo da Silva Santos;2026-07-13 13:44:43;https://www.ogol.com.br/jogo/2026-07-12-linhares-fc-audax-sao-mateus/12271139/performance
12271139;12/07/2026;Audax São Mateus;(C);Capixaba Série B;1;1;Karen;Auxiliar Técnica;0;0;96849;Karen da Silva Loureiro;2026-07-13 13:44:43;https://www.ogol.com.br/jogo/2026-07-12-linhares-fc-audax-sao-mateus/12271139/performance
12271139;12/07/2026;Audax São Mateus;(C);Capixaba Série B;1;1;Asamoah;Preparador de Goleiros;0;0;96620;Marcos Vinicius Vieira Lima Furguilin;2026-07-13 13:44:43;https://www.ogol.com.br/jogo/2026-07-12-linhares-fc-audax-sao-mateus/12271139/performance
12271139;12/07/2026;Audax São Mateus;(C);Capixaba Série B;1;1;Marya Eduarda;Fisioterapeuta;0;0;96846;Marya Eduarda Cabral de Carvalho Mello;2026-07-13 13:44:43;https://www.ogol.com.br/jogo/2026-07-12-linhares-fc-audax-sao-mateus/12271139/performance
12271144;19/07/2026;Doze FC;(F);Capixaba Série B;1;2;Yupi Silva;Treinador;0;0;39891;Jonair da Silva Ferreira;2026-07-20 14:05:59;https://www.ogol.com.br/jogo/2026-07-19-doze-linhares-fc/12271144/performance
12271144;19/07/2026;Doze FC;(F);Capixaba Série B;1;2;Ricardo;Preparador Físico;0;0;96845;Ricardo da Silva Santos;2026-07-20 14:05:59;https://www.ogol.com.br/jogo/2026-07-19-doze-linhares-fc/12271144/performance
12271144;19/07/2026;Doze FC;(F);Capixaba Série B;1;2;Asamoah;Preparador de Goleiros;0;0;96620;Marcos Vinicius Vieira Lima Furguilin;2026-07-20 14:05:59;https://www.ogol.com.br/jogo/2026-07-19-doze-linhares-fc/12271144/performance
12271144;19/07/2026;Doze FC;(F);Capixaba Série B;1;2;Marya Eduarda;Fisioterapeuta;0;0;96846;Marya Eduarda Cabral de Carvalho Mello;2026-07-20 14:05:59;https://www.ogol.com.br/jogo/2026-07-19-doze-linhares-fc/12271144/performance
12271153;28/07/2026;GEL;(F);Capixaba Série B;1;4;Yupi Silva;Treinador;0;0;39891;Jonair da Silva Ferreira;2026-07-29 15:39:16;https://www.ogol.com.br/jogo/2026-07-28-gel-linhares-fc/12271153/performance
12271153;28/07/2026;GEL;(F);Capixaba Série B;1;4;Ricardo;Preparador Físico;0;0;96845;Ricardo da Silva Santos;2026-07-29 15:39:16;https://www.ogol.com.br/jogo/2026-07-28-gel-linhares-fc/12271153/performance
12271153;28/07/2026;GEL;(F);Capixaba Série B;1;4;Karen;Auxiliar Técnica;0;0;96849;Karen da Silva Loureiro;2026-07-29 15:39:16;https://www.ogol.com.br/jogo/2026-07-28-gel-linhares-fc/12271153/performance
12271153;28/07/2026;GEL;(F);Capixaba Série B;1;4;Asamoah;Preparador de Goleiros;0;0;96620;Marcos Vinicius Vieira Lima Furguilin;2026-07-29 15:39:16;https://www.ogol.com.br/jogo/2026-07-28-gel-linhares-fc/12271153/performance
12271153;28/07/2026;GEL;(F);Capixaba Série B;1;4;Marya Eduarda;Massagista;0;0;96846;Marya Eduarda Cabral de Carvalho Mello;2026-07-29 15:39:16;https://www.ogol.com.br/jogo/2026-07-28-gel-linhares-fc/12271153/performance
12271155;05/08/2026;CTE Colatina;(C);Capixaba Série B;1;5;Yupi Silva;Treinador;0;0;39891;Jonair da Silva Ferreira;2026-08-06 15:14:21;https://www.ogol.com.br/jogo/2026-08-05-linhares-fc-cte-colatina/12271155/performance
12271155;05/08/2026;CTE Colatina;(C);Capixaba Série B;1;5;Ricardo;Preparador Físico;0;0;96845;Ricardo da Silva Santos;2026-08-06 15:14:21;https://www.ogol.com.br/jogo/2026-08-05-linhares-fc-cte-colatina/12271155/performance
12271155;05/08/2026;CTE Colatina;(C);Capixaba Série B;1;5;Karen;Auxiliar Técnica;0;0;96849;Karen da Silva Loureiro;2026-08-06 15:14:21;https://www.ogol.com.br/jogo/2026-08-05-linhares-fc-cte-colatina/12271155/performance
12271155;05/08/2026;CTE Colatina;(C);Capixaba Série B;1;5;Asamoah;Preparador de Goleiros;0;0;96620;Marcos Vinicius Vieira Lima Furguilin;2026-08-06 15:14:21;https://www.ogol.com.br/jogo/2026-08-05-linhares-fc-cte-colatina/12271155/performance
12271155;05/08/2026;CTE Colatina;(C);Capixaba Série B;1;5;Marya Eduarda;Massagista;0;0;96846;Marya Eduarda Cabral de Carvalho Mello;2026-08-06 15:14:21;https://www.ogol.com.br/jogo/2026-08-05-linhares-fc-cte-colatina/12271155/performance
12271160;08/08/2026;Audax São Mateus;(F);Capixaba Série B;1;6;Yupi Silva;Treinador;0;1;39891;Jonair da Silva Ferreira;2026-08-10 17:02:06;https://www.ogol.com.br/jogo/2026-08-08-audax-sao-mateus-linhares-fc/12271160/performance
12271160;08/08/2026;Audax São Mateus;(F);Capixaba Série B;1;6;Ricardo;Preparador Físico;0;0;96845;Ricardo da Silva Santos;2026-08-10 17:02:06;https://www.ogol.com.br/jogo/2026-08-08-audax-sao-mateus-linhares-fc/12271160/performance
12271160;08/08/2026;Audax São Mateus;(F);Capixaba Série B;1;6;Karen;Auxiliar Técnica;0;0;96849;Karen da Silva Loureiro;2026-08-10 17:02:06;https://www.ogol.com.br/jogo/2026-08-08-audax-sao-mateus-linhares-fc/12271160/performance
12271160;08/08/2026;Audax São Mateus;(F);Capixaba Série B;1;6;Asamoah;Preparador de Goleiros;0;0;96620;Marcos Vinicius Vieira Lima Furguilin;2026-08-10 17:02:06;https://www.ogol.com.br/jogo/2026-08-08-audax-sao-mateus-linhares-fc/12271160/performance
12271160;08/08/2026;Audax São Mateus;(F);Capixaba Série B;1;6;Marya Eduarda;Massagista;0;0;96846;Marya Eduarda Cabral de Carvalho Mello;2026-08-10 17:02:06;https://www.ogol.com.br/jogo/2026-08-08-audax-sao-mateus-linhares-fc/12271160/performance
12271165;14/08/2026;Doze FC;(C);Capixaba Série B;1;7;Ricardo;Preparador Físico;0;0;96845;Ricardo da Silva Santos;2026-08-17 14:03:34;https://www.ogol.com.br/jogo/2026-08-14-linhares-fc-doze/12271165/performance
12271165;14/08/2026;Doze FC;(C);Capixaba Série B;1;7;Karen;Auxiliar Técnica;0;0;96849;Karen da Silva Loureiro;2026-08-17 14:03:34;https://www.ogol.com.br/jogo/2026-08-14-linhares-fc-doze/12271165/performance
12271165;14/08/2026;Doze FC;(C);Capixaba Série B;1;7;Asamoah;Preparador de Goleiros;0;0;96620;Marcos Vinicius Vieira Lima Furguilin;2026-08-17 14:03:34;https://www.ogol.com.br/jogo/2026-08-14-linhares-fc-doze/12271165/performance
12271165;14/08/2026;Doze FC;(C);Capixaba Série B;1;7;Marya Eduarda;Massagista;0;0;96846;Marya Eduarda Cabral de Carvalho Mello;2026-08-17 14:03:34;https://www.ogol.com.br/jogo/2026-08-14-linhares-fc-doze/12271165/performance
12271173;26/08/2026;GEL;(C);Capixaba Série B;1;9;Yupi Silva;Treinador;0;0;39891;Jonair da Silva Ferreira;2026-08-27 17:00:42;https://www.ogol.com.br/jogo/2026-08-26-linhares-fc-gel/12271173/performance
12271173;26/08/2026;GEL;(C);Capixaba Série B;1;9;Ricardo;Preparador Físico;0;0;96845;Ricardo da Silva Santos;2026-08-27 17:00:42;https://www.ogol.com.br/jogo/2026-08-26-linhares-fc-gel/12271173/performance
12271173;26/08/2026;GEL;(C);Capixaba Série B;1;9;Karen;Auxiliar Técnica;0;0;96849;Karen da Silva Loureiro;2026-08-27 17:00:42;https://www.ogol.com.br/jogo/2026-08-26-linhares-fc-gel/12271173/performance
12271173;26/08/2026;GEL;(C);Capixaba Série B;1;9;Asamoah;Preparador de Goleiros;0;0;96620;Marcos Vinicius Vieira Lima Furguilin;2026-08-27 17:00:42;https://www.ogol.com.br/jogo/2026-08-26-linhares-fc-gel/12271173/performance
12271173;26/08/2026;GEL;(C);Capixaba Série B;1;9;Marya Eduarda;Massagista;0;0;96846;Marya Eduarda Cabral de Carvalho Mello;2026-08-27 17:00:42;https://www.ogol.com.br/jogo/2026-08-26-linhares-fc-gel/12271173/performance
